"Qty";"Value";"Device";"Package";"Parts";"Description";"MF";"MPN";"OC_FARNELL";"OC_NEWARK";"POPULARITY";"PROD_ID";"SPICEPREFIX";"VALUE";
"1";"";"4816P-T01";"4816P";"R51";"BOURNS RESISTOR NETWORK";"BOURNS, INC.";"4816P-T01-684LF";"9357483";"33K0707";"";"";"";"";
"1";"";"CONN_03X2FEMALE_SMD";"2X3_SMD";"J1";"Multi connection point. Often used as Generic Header-pin footprint for 0.1 inch spaced/style header connections";"";"";"";"";"";"CONN-11290";"";"";
"16";"";"DIODE'1N4148-SMD'";"LL-34";"D2, D7, D11, D12, D13, D14, D15, D16, D17, D18, D20, D25, D30, D35, D40, D45";"";"";"";"";"";"";"";"";"";
"8";"";"LED3MM";"LED3MM";"LED1, LED2, LED3, LED4, LED5, LED6, LED7, LED8";"LED";"";"";"";"";"";"";"";"";
"1";"";"PINHD-1X2";"1X02";"JP1";"PIN HEADER";"";"";"";"";"98";"";"";"";
"2";"";"PINHD-2X5/90";"2X05/90";"JP2, JP3";"PIN HEADER";"";"";"";"";"";"";"";"";
"8";"";"SM-B5";"SM-B5";"L1, L2, L3, L4, L5, L6, L7, L8";"INDUCTOR";"";"";"unknown";"unknown";"";"";"";"";
"8";"";"SUPPRESSOR-SMBJ";"SMBJ";"D1, D6, D19, D24, D29, D34, D39, D44";"Suppressor diode";"";"";"";"";"";"";"";"";
"6";"100n";"C-EUC0805";"C0805";"C17, C18, C19, C20, C21, C22";"CAPACITOR, European symbol";"";"";"";"";"";"";"C";"";
"17";"10k";"R-EU_R0805";"R0805";"R4, R8, R12, R16, R20, R24, R28, R32, R33, R34, R35, R36, R37, R38, R39, R40, R49";"RESISTOR, European symbol";"";"";"";"";"";"";"R";"";
"1";"10µ";"C-EUC0805";"C0805";"C23";"CAPACITOR, European symbol";"";"";"";"";"";"";"C";"";
"1";"120";"R-EU_R0805";"R0805";"R50";"RESISTOR, European symbol";"";"";"";"";"";"";"R";"";
"8";"1k";"R-EU_R0805";"R0805";"R1, R5, R9, R13, R17, R21, R25, R29";"RESISTOR, European symbol";"";"";"";"";"";"";"R";"";
"8";"1k5";"R-EU_R0805";"R0805";"R41, R42, R43, R44, R45, R46, R47, R48";"RESISTOR, European symbol";"";"";"";"";"";"";"R";"";
"8";"1n";"C-EUC0805";"C0805";"C2, C4, C6, C8, C10, C12, C14, C16";"CAPACITOR, European symbol";"";"";"";"";"";"";"C";"";
"8";"2k2";"R-EU_R0805";"R0805";"R2, R6, R10, R14, R18, R22, R26, R30";"RESISTOR, European symbol";"";"";"";"";"";"";"R";"";
"8";"470n";"C-EUC0805";"C0805";"C1, C3, C5, C7, C9, C11, C13, C15";"CAPACITOR, European symbol";"";"";"";"";"";"";"C";"";
"8";"47k";"R-EU_R0805";"R0805";"R3, R7, R11, R15, R19, R23, R27, R31";"RESISTOR, European symbol";"";"";"";"";"";"";"R";"";
"8";"5V6";"ZENER-DIODESOD80C";"SOD80C";"D4, D9, D22, D27, D32, D37, D42, D47";"Z-Diode";"";"";"";"";"";"";"";"";
"8";"6V8";"ZENER-DIODESOD80C";"SOD80C";"D3, D8, D21, D26, D31, D36, D41, D46";"Z-Diode";"";"";"";"";"";"";"";"";
"1";"74AC573D";"74AC573D";"SO20W";"IC3";"8-bit D latch BUS DRIVER";"";"";"";"";"";"";"";"";
"2";"74HC14D";"74HC14D";"SO14";"IC1, IC2";"Hex schmitt trigger INVERTER";"";"";"";"";"";"";"";"";
"1";"ATMEGA328P-AU-TQFP32";"MCU-ATMEGA328P-AU(TQFP32)";"TQFP32-0.8-7X7MM";"U1";"310010049";"";"ATMEGA328P-AU";"";"";"";"";"";"ATMEGA328P-AU-TQFP32";
"8";"BCX53";"BCX53";"SOT89";"U$1, U$2, U$3, U$4, U$5, U$6, U$7, U$8";"";"";"";"";"";"";"";"";"";
"1";"LFSPXO072036";"KXO-PXO/XO-56-56";"5.0X3.2_KXO-56";"Q2";"SSO Spread Spectrum Oscillator (PXO/XO) MHz :";"";"";"";"";"";"";"";"";
"1";"MAX485CSA";"MAX481CSA";"SO08";"IC5";"RS485 TRANSEIVER";"MAXIM";"MAX481CSA";"unknown";"90C3817";"";"";"";"";
"2";"RND210-00244";"RND210-00244";"RND210-00244";"U$19, U$20";"";"";"";"";"";"";"";"";"";
"5";"SPT2.5/2-H-5.0";"SPT2.5/2-H-5.0";"SPT2";"X1, X2, X3, X4, X5";"Phönix Contact SPT 2.5/ 2-H-5.0";"";"";"";"";"";"";"";"";
"2";"TLP283-4";"TLP283-4";"MINI-FLAT-16";"OK1, OK2";"TOSHIBA PHOTOCOUPLER GaAs IRED & PHOTO-TRANSISTOR";"";"";"unknown";"unknown";"";"";"";"";
