"Qty";"Value";"Device";"Package";"Parts";"Description";"MF";"MPN";"OC_FARNELL";"OC_NEWARK";"POPULARITY";"PROD_ID";"SPICEPREFIX";"VALUE";
"1";"";"4816P-T01";"4816P";"R27";"BOURNS RESISTOR NETWORK";"BOURNS, INC.";"4816P-T01-684LF";"9357483";"33K0707";"";"";"";"";
"1";"";"CONN_03X2FEMALE_SMD";"2X3_SMD";"J1";"Multi connection point. Often used as Generic Header-pin footprint for 0.1 inch spaced/style header connections";"";"";"";"";"";"CONN-11290";"";"";
"16";"";"DIODE'1N4148-SMD'";"LL-34";"D11, D12, D13, D14, D15, D16, D17, D18, D19, D20, D21, D22, D23, D24, D25, D26";"";"";"";"";"";"";"";"";"";
"1";"";"PINHD-1X2";"1X02";"JP1";"PIN HEADER";"";"";"";"";"98";"";"";"";
"2";"";"PINHD-2X5/90";"2X05/90";"JP2, JP3";"PIN HEADER";"";"";"";"";"";"";"";"";
"8";"";"R-EU_R0805";"R0805";"R11, R12, R13, R14, R15, R16, R17, R18";"RESISTOR, European symbol";"";"";"";"";"";"";"R";"";
"9";"";"SUPPRESSOR-SMBJ";"SMBJ";"D1, D2, D3, D4, D5, D6, D7, D8, D10";"Suppressor diode";"";"";"";"";"";"";"";"";
"7";"100n";"C-EUC0805";"C0805";"C1, C2, C3, C4, C5, C6, C8";"CAPACITOR, European symbol";"";"";"";"";"";"";"C";"";
"1";"10k";"G08R";"SIL9";"RN2";"SIL RESISTOR";"";"";"unknown";"unknown";"";"";"";"";
"2";"10k";"R-EU_R0805";"R0805";"R1, R49";"RESISTOR, European symbol";"";"";"";"";"";"";"R";"";
"1";"10u";"C-EUC0805";"C0805";"C7";"CAPACITOR, European symbol";"";"";"";"";"";"";"C";"";
"1";"120";"R-EU_R0805";"R0805";"R50";"RESISTOR, European symbol";"";"";"";"";"";"";"R";"";
"16";"1k";"R-EU_R0805";"R0805";"R3, R4, R5, R6, R7, R8, R9, R10, R19, R20, R21, R22, R23, R24, R25, R26";"RESISTOR, European symbol";"";"";"";"";"";"";"R";"";
"1";"47k";"G08R";"SIL9";"RN1";"SIL RESISTOR";"";"";"unknown";"unknown";"";"";"";"";
"3";"74AC573D";"74AC573D";"SO20W";"IC1, IC2, IC3";"8-bit D latch BUS DRIVER";"";"";"";"";"";"";"";"";
"1";"8V2";"ZENER-DIODESOD80C";"SOD80C";"D9";"Z-Diode";"";"";"";"";"";"";"";"";
"1";"AHEF750";"R-EU_0204/7";"0204/7";"R2";"RESISTOR, European symbol";"";"";"";"";"";"";"";"";
"1";"ATMEGA328P-AU-TQFP32";"MCU-ATMEGA328P-AU(TQFP32)";"TQFP32-0.8-7X7MM";"U1";"310010049";"";"ATMEGA328P-AU";"";"";"";"";"";"ATMEGA328P-AU-TQFP32";
"1";"FQP27P06";"DIP-MOSFET-P-CH-60V-27A-FQP27P06(TO-220)TO-220V";"TO-220V";"Q1";"305020016";"";"";"";"";"";"";"";"";
"1";"ITS4880R";"ITS4880R";"PG-DSO-36";"IC4";"Smart Power High-Side-Switch for Industrial Applications. Eight Channels: 8 x 200 mOhm";"";"ITS4880R";"1440818";"58M7534";"";"";"";"";
"8";"L-115WEGW-CA";"L-115WEGW-CA";"DUOLED-A-3MM";"LED1, LED2, LED3, LED4, LED5, LED6, LED7, LED8";"T-1(3mm) BI-COLOR INDICATOR LAMP";"";"";"";"";"";"";"";"";
"1";"LFSPXO072036";"KXO-PXO/XO-56-56";"5.0X3.2_KXO-56";"Q2";"SSO Spread Spectrum Oscillator (PXO/XO) MHz :";"";"";"";"";"";"";"";"";
"1";"MAX485CSA";"MAX481CSA";"SO08";"IC5";"RS485 TRANSEIVER";"MAXIM";"MAX481CSA";"unknown";"90C3817";"";"";"";"";
"2";"RND210-00244";"RND210-00244";"RND210-00244";"U$19, U$20";"";"";"";"";"";"";"";"";"";
"5";"SPT2.5/2-H-5.0";"SPT2.5/2-H-5.0";"SPT2";"X1, X2, X3, X4, X5";"Phönix Contact SPT 2.5/ 2-H-5.0";"";"";"";"";"";"";"";"";
"4";"TLP283-4";"TLP283-4";"MINI-FLAT-16";"OK1, OK2, OK3, OK4";"TOSHIBA PHOTOCOUPLER GaAs IRED & PHOTO-TRANSISTOR";"";"";"unknown";"unknown";"";"";"";"";
