"Qty";"Value";"Device";"Package";"Parts";"Description";"MF";"MPN";"OC_FARNELL";"OC_NEWARK";"POPULARITY";"PROD_ID";"SPICEPREFIX";"VALUE";
"1";"";"4816P-T01";"4816P";"R51";"BOURNS RESISTOR NETWORK";"BOURNS, INC.";"4816P-T01-684LF";"9357483";"33K0707";"";"";"";"";
"1";"";"CONN_03X2FEMALE_SMD";"2X3_SMD";"J1";"Multi connection point. Often used as Generic Header-pin footprint for 0.1 inch spaced/style header connections";"";"";"";"";"";"CONN-11290";"";"";
"8";"";"DIODE'1N4148-SMD'";"LL-34";"D11, D12, D13, D14, D15, D16, D17, D18";"";"";"";"";"";"";"";"";"";
"1";"";"PINHD-1X2";"1X02";"JP1";"PIN HEADER";"";"";"";"";"98";"";"";"";
"2";"";"PINHD-2X5/90";"2X05/90";"JP2, JP3";"PIN HEADER";"";"";"";"";"";"";"";"";
"4";"";"SM-B5";"SM-B5";"L1, L2, L4, L5";"INDUCTOR";"";"";"unknown";"unknown";"";"";"";"";
"1";"";"SUPPRESSOR-SMBJ";"SMBJ";"D1";"Suppressor diode";"";"";"";"";"";"";"";"";
"36";"100n";"C-EUC0805";"C0805";"C1, C3, C6, C7, C9, C12, C13, C15, C18, C19, C21, C24, C25, C27, C30, C31, C33, C36, C37, C39, C42, C43, C45, C48, C51, C52, C53, C54, C55, C56, C57, C58, C59, C60, C61, C62";"CAPACITOR, European symbol";"";"";"";"";"";"";"C";"";
"12";"100p";"C-EUC0805";"C0805";"C4, C5, C11, C16, C17, C23, C28, C29, C35, C40, C41, C47";"CAPACITOR, European symbol";"";"";"";"";"";"";"C";"";
"2";"100µ";"CPOL-EU153CLV-0505";"153CLV-0505";"C49, C50";"POLARIZED CAPACITOR, European symbol";"";"";"";"";"";"";"C";"";
"5";"10k";"R-EU_R0805";"R0805";"R1, R2, R3, R4, R49";"RESISTOR, European symbol";"";"";"";"";"";"";"R";"";
"1";"120";"R-EU_R0805";"R0805";"R50";"RESISTOR, European symbol";"";"";"";"";"";"";"R";"";
"8";"1k";"R-EU_R0805";"R0805";"R13, R14, R15, R16, R17, R19, R20, R21";"RESISTOR, European symbol";"";"";"";"";"";"";"R";"";
"8";"1k5";"R-EU_R0805";"R0805";"R5, R6, R7, R8, R9, R10, R11, R12";"RESISTOR, European symbol";"";"";"";"";"";"";"R";"";
"4";"22n";"C-EUC0805";"C0805";"C10, C22, C34, C46";"CAPACITOR, European symbol";"";"";"";"";"";"";"C";"";
"8";"4µ7";"C-EUC0805";"C0805";"C2, C8, C14, C20, C26, C32, C38, C44";"CAPACITOR, European symbol";"";"";"";"";"";"";"C";"";
"1";"60R065XU";"R-EU_0204/5";"0204/5";"R18";"RESISTOR, European symbol";"";"";"";"";"";"";"R";"";
"2";"74AC573D";"74AC573D";"SO20W";"IC2, IC3";"8-bit D latch BUS DRIVER";"";"";"";"";"";"";"";"";
"1";"78L05F";"78L05F";"SOT89";"IC1";"POSITOIV-VOLTAGE REGULATORS";"";"";"";"";"";"";"";"";
"1";"ADUM1401";"ADUM1401";"SO-16W";"U$10";"";"";"";"";"";"";"";"";"";
"1";"ATMEGA328P-AU-TQFP32";"MCU-ATMEGA328P-AU(TQFP32)";"TQFP32-0.8-7X7MM";"U1";"310010049";"";"ATMEGA328P-AU";"";"";"";"";"";"ATMEGA328P-AU-TQFP32";
"1";"CGRM4001-G";"CGRM4001-G";"SOD-123_MINI-SMA";"D2";"Molded plasitc,JEDEC SOD-123/Mini SMA";"";"";"";"";"";"";"";"";
"4";"DAC8760";"DAC8760";"HTSSOP24PWP";"U$1, U$4, U$6, U$8";"";"";"";"";"";"";"";"";"";
"1";"DKMW06F-15";"DKMW06F-15";"DKWM06";"U$3";"";"";"";"";"";"";"";"";"";
"4";"L-115WEGW-CA";"L-115WEGW-CA";"DUOLED-A-3MM";"LED1, LED2, LED3, LED8";"T-1(3mm) BI-COLOR INDICATOR LAMP";"";"";"";"";"";"";"";"";
"1";"LFSPXO072036";"KXO-PXO/XO-56-56";"5.0X3.2_KXO-56";"Q2";"SSO Spread Spectrum Oscillator (PXO/XO) MHz :";"";"";"";"";"";"";"";"";
"1";"MAX485CSA";"MAX481CSA";"SO08";"IC5";"RS485 TRANSEIVER";"MAXIM";"MAX481CSA";"unknown";"90C3817";"";"";"";"";
"4";"OPA192";"OPA192";"SOT23-DBV";"U$2, U$5, U$7, U$9";"";"";"";"";"";"";"";"";"";
"2";"RND210-00244";"RND210-00244";"RND210-00244";"U$19, U$20";"";"";"";"";"";"";"";"";"";
"5";"SPT2.5/2-H-5.0";"SPT2.5/2-H-5.0";"SPT2";"X1, X2, X3, X4, X5";"Phönix Contact SPT 2.5/ 2-H-5.0";"";"";"";"";"";"";"";"";
"2";"TLP283-4";"TLP283-4";"MINI-FLAT-16";"OK1, OK2";"TOSHIBA PHOTOCOUPLER GaAs IRED & PHOTO-TRANSISTOR";"";"";"unknown";"unknown";"";"";"";"";
