"Qty";"Value";"Device";"Package";"Parts";"Description";"MF";"MPN";"OC_FARNELL";"OC_NEWARK";"POPULARITY";"SPICEPREFIX";"VALUE";
"5";"";"LED3MM";"LED3MM";"LED1, LED2, LED3, LED4, LED5";"LED";"";"";"";"";"";"";"";
"1";"";"MA03-1";"MA03-1";"SV4";"PIN HEADER";"";"";"unknown";"unknown";"";"";"";
"1";"";"MA03-2";"MA03-2";"SV2";"PIN HEADER";"";"";"unknown";"unknown";"";"";"";
"1";"";"MA04-1";"MA04-1";"SV5";"PIN HEADER";"";"";"unknown";"unknown";"";"";"";
"1";"";"MA05-2";"MA05-2";"SV7";"PIN HEADER";"";"";"unknown";"unknown";"";"";"";
"2";"";"MA06-1";"MA06-1";"SV3, SV6";"PIN HEADER";"";"";"unknown";"unknown";"";"";"";
"2";"";"PINHD-1X2";"1X02";"JP3, JP5";"PIN HEADER";"";"";"";"";"98";"";"";
"1";"";"PINHD-2X5/90";"2X05/90";"JP2";"PIN HEADER";"";"";"";"";"";"";"";
"3";"";"SM-B5";"SM-B5";"L3, L4, L5";"INDUCTOR";"";"";"unknown";"unknown";"";"";"";
"1";"";"SUPPRESSOR-SMBJ";"SMBJ";"D1";"Suppressor diode";"";"";"";"";"";"";"";
"3";"100k";"R-EU_R0805";"R0805";"R19, R20, R21";"RESISTOR, European symbol";"";"";"";"";"";"R";"";
"15";"100n";"C-EUC0805";"C0805";"C1, C3, C10, C11, C12, C13, C14, C15, C16, C17, C19, C20, C21, C24, C25";"CAPACITOR, European symbol";"";"";"";"";"";"C";"";
"3";"100µ";"CPOL-EU153CLV-0505";"153CLV-0505";"C18, C22, C23";"POLARIZED CAPACITOR, European symbol";"";"";"";"";"";"C";"";
"1";"10k";"R-EU_R0805";"R0805";"R13";"RESISTOR, European symbol";"";"";"";"";"";"R";"";
"1";"10µ";"C-EUC0805";"C0805";"C2";"CAPACITOR, European symbol";"";"";"";"";"";"C";"";
"1";"120";"R-EU_R0805";"R0805";"R12";"RESISTOR, European symbol";"";"";"";"";"";"R";"";
"1";"150";"R-EU_R0805";"R0805";"R50";"RESISTOR, European symbol";"";"";"";"";"";"R";"";
"1";"1µ";"C-EUC0805";"C0805";"C9";"CAPACITOR, European symbol";"";"";"";"";"";"C";"";
"5";"220";"R-EU_R0805";"R0805";"R7, R8, R9, R10, R11";"RESISTOR, European symbol";"";"";"";"";"";"R";"";
"5";"22p";"C-EUC0805";"C0805";"C4, C5, C6, C7, C8";"CAPACITOR, European symbol";"";"";"";"";"";"C";"";
"2";"330";"R-EU_R0805";"R0805";"R14, R15";"RESISTOR, European symbol";"";"";"";"";"";"R";"";
"2";"39R 1%";"R-EU_R0805";"R0805";"R1, R2";"RESISTOR, European symbol";"";"";"";"";"";"R";"";
"2";"3k3";"R-EU_R0805";"R0805";"R16, R17";"RESISTOR, European symbol";"";"";"";"";"";"R";"";
"1";"406I35E12M00000";"CRYSTALCTS406";"CTS406";"Q2";"CRYSTAL";"";"";"unknown";"unknown";"";"";"";
"1";"428-200125-PL08";"CRYSTALTC26H";"TC26H";"Q1";"CRYSTAL";"";"";"unknown";"unknown";"";"";"";
"1";"60R065XU";"R-EU_0204/5";"0204/5";"R18";"RESISTOR, European symbol";"";"";"";"";"";"R";"";
"1";"6k8 1%";"R-EU_R0805";"R0805";"R3";"RESISTOR, European symbol";"";"";"";"";"";"R";"";
"1";"ATSAM3X8EA-AU-ND-LQFP144";"MCU-ATSAM3X8EA-AU-ND(LQFP144)";"LQFP144-0.5-20X20M";"U1";"310010111";"";"ATSAM3X8EA-AU-ND";"";"";"";"";"ATSAM3X8EA-AU-ND-LQFP144";
"3";"CG0603MLC-05E";"R-EU_R0603";"R0603";"R4, R5, R6";"RESISTOR, European symbol";"";"";"";"";"";"R";"";
"1";"CGRM4001-G";"CGRM4001-G";"SOD-123_MINI-SMA";"D2";"Molded plasitc,JEDEC SOD-123/Mini SMA";"";"";"";"";"";"";"";
"1";"ESP01";"MA04-2";"MA04-2";"SV1";"PIN HEADER";"";"";"unknown";"unknown";"";"";"";
"1";"LT1763CS8-3.3";"LT1763CS8-3.3";"SOIC8";"IC2";"500mA, Low Noise, LDO Micropower Regulators";"";"LT1763CS8-3.3";"1273617";"57M6055";"";"";"";
"1";"MAX485CSA";"MAX481CSA";"SO08";"IC5";"RS485 TRANSEIVER";"MAXIM";"MAX481CSA";"unknown";"90C3817";"";"";"";
"2";"MH2029-300Y";"L-EUL2012C";"L2012C";"L1, L2";"INDUCTOR, European symbol";"";"";"";"";"";"L";"";
"1";"SPT2.5/2-H-5.0";"SPT2.5/2-H-5.0";"SPT2";"X1";"Phönix Contact SPT 2.5/ 2-H-5.0";"";"";"";"";"";"";"";
"1";"ST-USB-001L";"MICRO-USB-SMD-TYPE-AB-R/A(ST-USB-001L)";"MICRO-USB5+2P-SMD-0.65";"USB1";"320010012";"";"ST-USB-001L";"";"";"";"";"ST-USB-001L";
"1";"TCAN1044VDRQ1";"TCAN1044VDRQ1";"SO-08";"U$2";"";"";"";"";"";"";"";"";
"1";"THN_10WIR";"THN_10WIR";"THN10WIR";"U$1";"";"";"";"";"";"";"";"";
